REF,chr_,pos_
T,chr1,1220751
C,chr1,1275912
A,chr1,2352457
T,chr1,2622185
A,chr1,3164291
T,chr1,3765267
G,chr1,3826755
C,chr1,4176922
C,chr1,4304166
C,chr1,4436599
A,chr1,4657331
T,chr1,4927364
A,chr1,5028557
T,chr1,5135311
A,chr1,5187022
C,chr1,5249607
G,chr1,5411457
C,chr1,5639415
T,chr1,5705293
T,chr1,5863728
T,chr1,6884744
A,chr1,6976742
C,chr1,7090517
A,chr1,7176750
C,chr1,7561529
T,chr1,8569321
A,chr1,9000111
A,chr1,9062498
T,chr1,9158662
A,chr1,9225662
A,chr1,9429913
T,chr1,9617795
A,chr1,9711506
T,chr1,9842070
G,chr1,10175981
C,chr1,10537494
T,chr1,10767078
T,chr1,10908673
C,chr1,11145001
G,chr1,11401544
G,chr1,11796321
T,chr1,11958233
A,chr1,12022869
A,chr1,12075469
T,chr1,12611224
T,chr1,12725527
C,chr1,12775725
T,chr1,13475857
A,chr1,13533075
C,chr1,13587735
A,chr1,13782619
A,chr1,14114889
G,chr1,14168508
T,chr1,14241196
T,chr1,14455884
C,chr1,14522592
C,chr1,14774443
A,chr1,14862803
A,chr1,15031009
C,chr1,15087917
C,chr1,16433121
G,chr1,17060385
T,chr1,17354782
T,chr1,17552124
A,chr1,17797462
C,chr1,17885736
C,chr1,17948404
A,chr1,18085887
T,chr1,18284522
C,chr1,18358708
A,chr1,18458972
T,chr1,18531104
C,chr1,18691361
A,chr1,18807766
T,chr1,18888924
C,chr1,19292107
G,chr1,19682387
C,chr1,19811943
A,chr1,20125941
A,chr1,20249409
A,chr1,20336445
A,chr1,20442691
A,chr1,20650507
A,chr1,21385238
A,chr1,21470123
T,chr1,21590741
G,chr1,21670789
A,chr1,22018600
T,chr1,22251570
G,chr1,22404776
A,chr1,22719450
C,chr1,22985532
T,chr1,23211062
C,chr1,23383982
A,chr1,23521550
T,chr1,23757159
A,chr1,24226345
C,chr1,24458903
A,chr1,24867808
G,chr1,25012308
G,chr1,25077292
A,chr1,25442446
A,chr1,25898142
A,chr1,26249541
C,chr1,26572953
G,chr1,27605187
A,chr1,27729831
A,chr1,29304444
T,chr1,29359278
C,chr1,29466693
C,chr1,29538595
T,chr1,29675805
C,chr1,29873894
A,chr1,29949749
C,chr1,30166471
C,chr1,30445606
A,chr1,30838571
T,chr1,30889377
G,chr1,30988591
G,chr1,31596465
C,chr1,31652178
A,chr1,31703278
A,chr1,31800425
C,chr1,32245759
G,chr1,32566811
A,chr1,32713555
G,chr1,32971441
G,chr1,33689901
G,chr1,33756209
C,chr1,33932540
T,chr1,34048885
C,chr1,34109090
C,chr1,34205754
G,chr1,34379235
A,chr1,34450520
C,chr1,34652734
T,chr1,34913333
C,chr1,36492230
A,chr1,36954240
A,chr1,37078622
A,chr1,37317301
G,chr1,37399530
A,chr1,37661482
C,chr1,38363552
G,chr1,38434971
T,chr1,38808453
T,chr1,39630381
T,chr1,39996990
C,chr1,40406951
T,chr1,40641102
C,chr1,40774847
C,chr1,40908771
G,chr1,41356107
T,chr1,41540334
T,chr1,41774046
C,chr1,41859451
C,chr1,42332533
A,chr1,42788437
G,chr1,43131343
A,chr1,44037368
C,chr1,44137834
C,chr1,44419451
A,chr1,44500051
T,chr1,44892855
A,chr1,46169537
A,chr1,46344858
A,chr1,46429969
T,chr1,46534894
C,chr1,46673431
C,chr1,46754151
T,chr1,46806513
T,chr1,47180323
C,chr1,47354520
A,chr1,47599347
G,chr1,47875333
A,chr1,48055105
T,chr1,48509261
C,chr1,48565566
C,chr1,48744898
A,chr1,49719403
A,chr1,50116500
G,chr1,50300310
T,chr1,50472176
C,chr1,51339059
T,chr1,53124958
G,chr1,53210776
G,chr1,53266643
C,chr1,53655200
A,chr1,53902580
C,chr1,54345297
T,chr1,54487850
C,chr1,54580862
A,chr1,54638272
T,chr1,54725971
C,chr1,54833466
G,chr1,54968975
T,chr1,55354426
A,chr1,55729986
C,chr1,55974236
A,chr1,56416091
T,chr1,56554843
T,chr1,56883941
A,chr1,57161530
T,chr1,57275490
C,chr1,57584467
T,chr1,57910294
G,chr1,58016669
G,chr1,58071689
T,chr1,58607758
G,chr1,58739430
C,chr1,58793207
C,chr1,58865191
C,chr1,59291377
G,chr1,59378799
G,chr1,59974513
T,chr1,60030641
G,chr1,60236052
G,chr1,60675344
G,chr1,60893723
T,chr1,61105720
A,chr1,61262925
C,chr1,61398559
G,chr1,61496281
C,chr1,61561641
A,chr1,61795496
T,chr1,61858779
C,chr1,61934815
G,chr1,62109755
G,chr1,62162003
T,chr1,62299377
G,chr1,62382419
C,chr1,62432471
G,chr1,62487702
T,chr1,62951896
G,chr1,63223575
C,chr1,63361355
G,chr1,63435230
G,chr1,63537185
A,chr1,63707813
C,chr1,63790347
C,chr1,64018813
A,chr1,64073289
C,chr1,64214066
T,chr1,64542523
G,chr1,64649636
C,chr1,64875884
A,chr1,65064431
T,chr1,65215860
A,chr1,65413569
C,chr1,65577336
T,chr1,66081326
A,chr1,66330565
T,chr1,66539820
A,chr1,66649401
T,chr1,67044015
A,chr1,67196939
A,chr1,67313993
A,chr1,67503042
T,chr1,67619903
T,chr1,67777714
C,chr1,68351117
A,chr1,68718355
T,chr1,69414119
A,chr1,69507010
G,chr1,70056231
A,chr1,70482327
C,chr1,70544524
G,chr1,70650754
A,chr1,71805581
C,chr1,73899963
T,chr1,74161674
G,chr1,74475609
A,chr1,75567219
T,chr1,76031348
G,chr1,76266222
A,chr1,76369020
T,chr1,76433779
G,chr1,76496275
G,chr1,76633044
T,chr1,77241706
T,chr1,77361047
G,chr1,77420814
T,chr1,78173560
G,chr1,78286685
C,chr1,79180534
C,chr1,79255438
C,chr1,79404188
C,chr1,79673428
C,chr1,79976790
A,chr1,80209844
A,chr1,80275990
C,chr1,80373195
A,chr1,81097564
T,chr1,81518473
G,chr1,81637239
T,chr1,81826565
T,chr1,82095875
T,chr1,82282893
A,chr1,82360782
A,chr1,82548691
T,chr1,82652361
T,chr1,82730738
T,chr1,83517569
T,chr1,84870432
A,chr1,84925457
T,chr1,85261535
G,chr1,85467955
T,chr1,85545374
G,chr1,86438642
G,chr1,86523026
T,chr1,87149138
A,chr1,87402857
C,chr1,87465206
G,chr1,87899366
A,chr1,88336329
T,chr1,88636295
T,chr1,89007492
A,chr1,89321603
T,chr1,89504604
T,chr1,89772459
C,chr1,90117004
G,chr1,90482412
C,chr1,91038638
C,chr1,91494302
T,chr1,91551096
C,chr1,91697363
A,chr1,91762291
G,chr1,91861488
G,chr1,92366012
G,chr1,93590722
G,chr1,93729151
T,chr1,94020850
T,chr1,94092869
A,chr1,94384887
G,chr1,94539664
G,chr1,94741968
A,chr1,94960809
T,chr1,95244383
G,chr1,95592994
A,chr1,95868922
G,chr1,95933927
G,chr1,96139035
T,chr1,96214444
T,chr1,97420615
C,chr1,97856823
A,chr1,98179657
A,chr1,98891402
T,chr1,99227603
G,chr1,99586112
A,chr1,99851033
A,chr1,100477544
A,chr1,100541021
G,chr1,101384274
A,chr1,101743489
C,chr1,101798353
T,chr1,101860603
A,chr1,101956158
A,chr1,102943544
G,chr1,104648259
A,chr1,106067183
C,chr1,106570882
G,chr1,107006123
T,chr1,107167756
T,chr1,107536451
A,chr1,107660088
C,chr1,107859453
C,chr1,108015083
A,chr1,108130783
A,chr1,108591217
A,chr1,108723901
A,chr1,108941145
T,chr1,109226267
C,chr1,109633358
C,chr1,109819060
C,chr1,109897014
C,chr1,110189511
A,chr1,110271385
G,chr1,110343114
T,chr1,110556144
A,chr1,110720187
A,chr1,111121721
G,chr1,111215824
G,chr1,111285127
G,chr1,111804634
T,chr1,111980473
C,chr1,112083615
G,chr1,112323975
A,chr1,112497655
C,chr1,112788512
A,chr1,113896329
C,chr1,114012715
C,chr1,114089358
A,chr1,114177396
C,chr1,114358056
T,chr1,114531255
A,chr1,114653545
G,chr1,114721064
T,chr1,115067470
G,chr1,115181074
G,chr1,115243787
C,chr1,115759971
A,chr1,115814733
G,chr1,115926814
C,chr1,116115290
A,chr1,116175402
A,chr1,116262105
T,chr1,116482987
T,chr1,116728946
T,chr1,116989191
A,chr1,117523219
A,chr1,117739200
C,chr1,118393698
G,chr1,118903378
G,chr1,118996082
T,chr1,119081540
C,chr1,119137673
A,chr1,119652419
T,chr1,119802257
G,chr1,145899155
T,chr1,147217371
C,chr1,147532978
A,chr1,147738099
G,chr1,150706557
T,chr1,151538792
T,chr1,151845522
C,chr1,152409644
T,chr1,152640434
C,chr1,153304947
G,chr1,153362908
C,chr1,154022171
A,chr1,154265907
T,chr1,154331500
C,chr1,154453788
T,chr1,154601491
T,chr1,154728742
C,chr1,154859814
A,chr1,156232382
G,chr1,156548587
T,chr1,156843858
T,chr1,156932489
T,chr1,157148629
T,chr1,157361097
C,chr1,157508206
T,chr1,157698600
T,chr1,157921775
G,chr1,158170415
A,chr1,158354635
G,chr1,158417406
G,chr1,158480448
G,chr1,158715246
C,chr1,158766655
C,chr1,159226975
T,chr1,159313956
C,chr1,159547589
C,chr1,159612313
C,chr1,159709026
T,chr1,160094628
G,chr1,160155085
A,chr1,160361229
A,chr1,160681960
A,chr1,160823770
G,chr1,161210087
T,chr1,161494024
A,chr1,161851114
G,chr1,161966998
G,chr1,162129511
C,chr1,162240820
G,chr1,162330033
G,chr1,162683484
A,chr1,162847704
G,chr1,162926705
A,chr1,162990046
G,chr1,163144088
C,chr1,163319781
C,chr1,163444769
A,chr1,163510995
T,chr1,164104484
C,chr1,164156458
T,chr1,164391512
A,chr1,164510242
G,chr1,164586049
T,chr1,164760941
A,chr1,164859798
A,chr1,164982005
C,chr1,165047475
G,chr1,165118255
G,chr1,165244925
G,chr1,165408315
G,chr1,165470957
C,chr1,165726342
A,chr1,165891576
T,chr1,166140944
T,chr1,166292886
G,chr1,166348990
T,chr1,166487467
C,chr1,167045947
C,chr1,167102738
G,chr1,167174659
A,chr1,167485908
C,chr1,167670618
T,chr1,167791494
G,chr1,167933841
C,chr1,168121661
T,chr1,168300872
C,chr1,168520609
G,chr1,168605460
G,chr1,168847007
T,chr1,168922943
T,chr1,168973591
A,chr1,169061640
A,chr1,169119099
A,chr1,169476945
T,chr1,169542517
C,chr1,169603407
T,chr1,169696491
T,chr1,169793666
C,chr1,170175958
G,chr1,170237761
A,chr1,170329868
G,chr1,170750046
T,chr1,171901994
G,chr1,172217589
G,chr1,172441827
T,chr1,172532503
A,chr1,172590183
G,chr1,172972573
G,chr1,173220250
C,chr1,173399532
G,chr1,173922963
G,chr1,175053270
T,chr1,175123704
C,chr1,175320263
T,chr1,175406666
G,chr1,175459821
A,chr1,175677905
C,chr1,176544401
C,chr1,176757966
A,chr1,176909543
A,chr1,177085635
G,chr1,177187679
T,chr1,177753954
T,chr1,177935360
A,chr1,178028574
C,chr1,178494456
C,chr1,178582337
A,chr1,178704939
T,chr1,179047348
C,chr1,179253705
C,chr1,179548005
A,chr1,179764058
A,chr1,180232049
C,chr1,180371571
G,chr1,180936312
T,chr1,181006955
C,chr1,181140342
C,chr1,181322730
G,chr1,182142971
A,chr1,182213516
A,chr1,182400098
A,chr1,182551477
T,chr1,183573252
C,chr1,184014446
A,chr1,184241671
C,chr1,184367614
T,chr1,184608183
T,chr1,184684499
C,chr1,184826645
T,chr1,184959033
A,chr1,185166613
A,chr1,185369418
T,chr1,185716412
A,chr1,186081285
C,chr1,186187382
A,chr1,186699960
A,chr1,186773815
G,chr1,186882084
C,chr1,186948388
T,chr1,187085765
A,chr1,187270098
G,chr1,187661054
C,chr1,188359519
T,chr1,188795412
G,chr1,189909464
C,chr1,190319167
G,chr1,190497692
T,chr1,191786782
G,chr1,192127147
C,chr1,192279986
T,chr1,192542053
G,chr1,192942842
C,chr1,193952418
T,chr1,194670200
G,chr1,195659953
C,chr1,195755176
C,chr1,195893729
A,chr1,196155878
T,chr1,196312672
G,chr1,196673103
G,chr1,197101312
A,chr1,197842152
G,chr1,198017995
G,chr1,198114310
G,chr1,198358038
A,chr1,198632067
G,chr1,198842243
C,chr1,199202675
C,chr1,199343152
G,chr1,199629655
G,chr1,200120992
C,chr1,200173189
C,chr1,200230843
C,chr1,200495675
C,chr1,200588639
A,chr1,200703571
G,chr1,200968901
T,chr1,201102756
G,chr1,201169300
G,chr1,201460253
C,chr1,201752974
A,chr1,201821142
A,chr1,201917274
G,chr1,202004437
C,chr1,202198048
T,chr1,202597302
G,chr1,202809133
T,chr1,203025140
C,chr1,203078493
C,chr1,203269579
C,chr1,203402442
C,chr1,203615722
A,chr1,203723051
G,chr1,204028798
A,chr1,204353807
G,chr1,204619973
C,chr1,204748083
C,chr1,205000458
G,chr1,205058609
A,chr1,205469786
T,chr1,205563954
G,chr1,205888526
G,chr1,205952731
G,chr1,206599399
C,chr1,206795548
T,chr1,206901560
T,chr1,207083958
C,chr1,207400042
G,chr1,207473117
G,chr1,207701830
C,chr1,207863631
G,chr1,208154367
T,chr1,208317550
G,chr1,208452386
T,chr1,208527789
A,chr1,208604550
C,chr1,208765325
G,chr1,208945543
T,chr1,209072514
T,chr1,210480030
A,chr1,210576719
G,chr1,210696778
G,chr1,211158551
C,chr1,211489879
C,chr1,211611723
A,chr1,211669466
A,chr1,212125462
C,chr1,212352946
T,chr1,212556992
A,chr1,212625635
T,chr1,213010891
G,chr1,213337888
C,chr1,213444395
A,chr1,213603336
A,chr1,213734602
T,chr1,213935298
G,chr1,213990332
T,chr1,214114077
G,chr1,214194987
A,chr1,214991964
A,chr1,215676306
T,chr1,215944498
G,chr1,216076228
G,chr1,216533670
C,chr1,216783343
A,chr1,216914999
G,chr1,216986106
G,chr1,217063459
T,chr1,217233516
C,chr1,217319768
T,chr1,217934746
G,chr1,218078350
C,chr1,218470598
G,chr1,218836493
G,chr1,218900616
T,chr1,218970256
C,chr1,219360475
A,chr1,219415461
C,chr1,219526992
G,chr1,219674495
T,chr1,220227667
A,chr1,220654788
G,chr1,221431962
A,chr1,221542377
G,chr1,221695064
A,chr1,221772830
T,chr1,221846012
A,chr1,221899477
C,chr1,222311403
C,chr1,223388460
G,chr1,223468098
A,chr1,224216067
C,chr1,224654549
G,chr1,224724232
T,chr1,224882466
G,chr1,225230754
T,chr1,225306126
T,chr1,225671439
T,chr1,225733953
C,chr1,225825654
G,chr1,226201954
A,chr1,226367601
A,chr1,227828669
C,chr1,228184361
C,chr1,228783455
C,chr1,228955344
G,chr1,229141312
T,chr1,229231368
T,chr1,229296169
T,chr1,230151381
C,chr1,230382247
C,chr1,230545985
G,chr1,230898894
T,chr1,231265458
C,chr1,231352778
C,chr1,231472514
A,chr1,231635362
G,chr1,231885502
A,chr1,231937382
T,chr1,232176598
A,chr1,232884822
T,chr1,233106260
A,chr1,233312862
G,chr1,233379188
G,chr1,233523544
A,chr1,234114535
T,chr1,234332578
G,chr1,234620672
T,chr1,234701612
C,chr1,234757050
C,chr1,235557598
T,chr1,235977874
C,chr1,236548681
A,chr1,236885200
C,chr1,236998167
T,chr1,237119671
G,chr1,237249992
A,chr1,237335186
G,chr1,237483982
A,chr1,237610127
C,chr1,237681783
A,chr1,237933586
C,chr1,238227855
G,chr1,238513695
G,chr1,238674566
T,chr1,239120003
A,chr1,239181147
A,chr1,239401382
C,chr1,239535824
A,chr1,239605500
T,chr1,239792376
G,chr1,239888040
A,chr1,240064648
T,chr1,240279517
C,chr1,240843653
C,chr1,241033035
T,chr1,241117003
C,chr1,241220481
C,chr1,241295639
T,chr1,241346495
G,chr1,241673675
A,chr1,241866849
G,chr1,242037945
C,chr1,242166512
G,chr1,242235101
G,chr1,242313953
C,chr1,242498738
T,chr1,242635670
G,chr1,242711657
T,chr1,242825855
T,chr1,242923804
G,chr1,243992424
G,chr1,244063338
T,chr1,244159085
C,chr1,244217249
C,chr1,244313453
T,chr1,244775196
C,chr1,245075693
A,chr1,245148860
A,chr1,245200121
A,chr1,245409250
G,chr1,245490690
C,chr1,245794526
C,chr1,246711573
T,chr1,246799717
A,chr1,247143531
C,chr1,247344606
A,chr1,247404749
C,chr1,247560368
A,chr1,247712113
A,chr1,247876411
T,chr1,248781178
